"umap1","umap2","Dark1","Dark2","Dark3","Blue1","Blue2","Blue3","Green1","Green2","Green3","Yellow1","Yellow2","Yellow3","Red1","Red2","Red3","UV1","UV2","UV3"
-2.40487679848954,2.21741274767855,-1.01968851480935,-0.0876294817414282,-0.374416876531557,-1.16308221220441,-1.16308221220441,-1.09138536350688,-0.732901120019219,-0.374416876531557,-0.589507422624154,0.629339005233894,2.13497282788207,1.27461064351168,-0.015932633043896,1.34630749220922,0.987823248721556,-0.589507422624154,1.05952009741909,-0.231023179136493
1.72888764933138,-0.716609637653336,-0.414011503834763,-0.414011503834763,-0.414011503834763,-0.414011503834763,-0.414011503834763,-0.414011503834763,-0.289808052684334,-0.414011503834763,-0.289808052684334,-0.414011503834763,-0.289808052684334,-0.414011503834763,-0.414011503834763,-0.414011503834763,-0.414011503834763,3.43629548182853,1.20063336112081,1.20063336112081
1.54303658306746,1.21698942245489,-0.632175948966834,-1.18849078405765,-0.379305569380101,-0.834472252636221,-0.531027797132141,-1.03676855630561,-0.0758611138760201,0.885046328553568,0.733324100801528,-0.0252870379586734,0.278157417545407,-0.278157417545407,-0.632175948966834,-0.328731493462754,-1.08734263222296,2.19997230240458,2.04825007465254,0.885046328553568
2.54135829876476,0.950782933675381,-0.266126894508957,0.112053429266929,-0.518247110359547,-0.770367326210138,-0.770367326210138,-1.52672797376191,-0.770367326210138,-0.140066786583661,-0.0140066786583661,0.61629386096811,0.112053429266929,-0.644307218284843,-0.896427434135433,-0.140066786583661,0.112053429266929,2.25507526399695,2.12901515607165,1.12053429266929
3.01679027059318,-1.06457216230817,-0.383521842717589,-0.383521842717589,-0.383521842717589,-0.383521842717589,-0.383521842717589,-0.383521842717589,-0.383521842717589,-0.383521842717589,-0.383521842717589,-0.383521842717589,-0.383521842717589,-0.383521842717589,-0.383521842717589,-0.383521842717589,-0.383521842717589,3.30459231601868,0.562148454394275,1.88608687035088
3.41316819460166,-0.593572708298073,-0.36500883613887,-0.36500883613887,-0.447135824270116,-0.611389800532607,-0.447135824270116,-0.447135824270116,-0.447135824270116,-0.447135824270116,-0.447135824270116,-0.447135824270116,-0.036500883613887,-0.36500883613887,-0.447135824270116,-0.118627871745133,-0.447135824270116,2.92007068911096,0.620515021436079,2.34518177219224
2.85829739670367,0.211692577373289,-0.438645192821463,-0.438645192821463,-0.385296453153987,-0.331947713486512,-0.385296453153987,-0.385296453153987,-0.385296453153987,-0.438645192821463,-0.438645192821463,-0.438645192821463,-0.385296453153987,-0.438645192821463,-0.438645192821463,-0.438645192821463,-0.438645192821463,3.0823716252319,1.42856069554017,1.69530439387754
2.39676110589781,-1.83118466954931,-0.349596924678785,-0.349596924678785,-0.349596924678785,-0.349596924678785,-0.349596924678785,-0.349596924678785,-0.349596924678785,-0.349596924678785,-0.349596924678785,-0.349596924678785,-0.349596924678785,-0.349596924678785,-0.349596924678785,-0.349596924678785,-0.349596924678785,3.68169261302346,0.338672020782573,1.22358923637575
4.80651586727307,0.803288445061957,-0.554861993556563,-0.286740761770841,-0.487831685610132,-0.487831685610132,-0.554861993556563,-0.08564983793155,-0.487831685610132,-0.219710453824411,-0.286740761770841,-0.286740761770841,-0.219710453824411,-0.286740761770841,-0.353771069717272,-0.420801377663702,-0.353771069717272,0.517622933586324,1.25495632099706,3.60101709912212
3.02737910574733,0.0541382544821399,-0.408060805590387,-0.408060805590387,-0.408060805590387,-0.408060805590387,-0.408060805590387,-0.408060805590387,-0.408060805590387,-0.408060805590387,-0.408060805590387,-0.408060805590387,-0.408060805590387,-0.408060805590387,-0.408060805590387,-0.408060805590387,-0.408060805590387,3.1114636426267,1.12216721537356,1.88728122585554
7.4060936140875,0.40987485901683,-0.235702260395516,-0.235702260395516,-0.235702260395516,-0.235702260395516,-0.235702260395516,-0.235702260395516,-0.235702260395516,-0.235702260395516,-0.235702260395516,-0.235702260395516,-0.235702260395516,-0.235702260395516,-0.235702260395516,-0.235702260395516,-0.235702260395516,-0.235702260395516,-0.235702260395516,4.00693842672377
7.38717273302787,0.421128436805059,-0.235702260395516,-0.235702260395516,-0.235702260395516,-0.235702260395516,-0.235702260395516,-0.235702260395516,-0.235702260395516,-0.235702260395516,-0.235702260395516,-0.235702260395516,-0.235702260395516,-0.235702260395516,-0.235702260395516,-0.235702260395516,-0.235702260395516,-0.235702260395516,-0.235702260395516,4.00693842672377
-7.56440069406255,-3.54942462854652,-0.235702260395516,-0.235702260395516,-0.235702260395516,-0.235702260395516,-0.235702260395516,-0.235702260395516,-0.235702260395516,-0.235702260395516,-0.235702260395516,-0.235702260395516,-0.235702260395516,-0.235702260395516,-0.235702260395516,-0.235702260395516,-0.235702260395516,4.00693842672377,-0.235702260395516,-0.235702260395516
0.857272363836639,0.556781817355836,-0.343592135468138,-0.343592135468138,-0.343592135468138,-0.343592135468138,-0.343592135468138,-0.343592135468138,-0.343592135468138,-0.343592135468138,-0.343592135468138,-0.343592135468138,-0.343592135468138,-0.343592135468138,-0.343592135468138,-0.343592135468138,-0.343592135468138,2.74873708374511,2.74873708374511,-0.343592135468138
-7.63379419356583,-3.62197199369193,-0.235702260395516,-0.235702260395516,-0.235702260395516,-0.235702260395516,-0.235702260395516,-0.235702260395516,-0.235702260395516,-0.235702260395516,-0.235702260395516,-0.235702260395516,-0.235702260395516,-0.235702260395516,-0.235702260395516,-0.235702260395516,-0.235702260395516,4.00693842672377,-0.235702260395516,-0.235702260395516
3.48536170569024,-0.864499689455718,-0.343592135468138,-0.343592135468138,-0.343592135468138,-0.343592135468138,-0.343592135468138,-0.343592135468138,-0.343592135468138,-0.343592135468138,-0.343592135468138,-0.343592135468138,-0.343592135468138,-0.343592135468138,-0.343592135468138,-0.343592135468138,-0.343592135468138,2.74873708374511,-0.343592135468138,2.74873708374511
1.20944399395382,-0.301678062278767,-0.64055549300373,-0.64055549300373,1.13329048762198,-0.64055549300373,0.246367497309127,-0.64055549300373,-0.64055549300373,-0.64055549300373,1.13329048762198,-0.64055549300373,-0.64055549300373,-0.64055549300373,0.246367497309127,-0.64055549300373,-0.64055549300373,2.9071364682477,1.13329048762198,0.246367497309127
0.343897236758112,1.46473282989599,-0.32394177193585,-0.32394177193585,-0.32394177193585,-0.32394177193585,-0.32394177193585,-0.32394177193585,-0.32394177193585,-0.32394177193585,-0.32394177193585,-0.32394177193585,-0.32394177193585,-0.32394177193585,-0.32394177193585,-0.32394177193585,-0.32394177193585,1.61970885967925,3.56335949129435,-0.32394177193585
-7.76988431675419,-3.68528080286043,-0.235702260395516,-0.235702260395516,-0.235702260395516,-0.235702260395516,-0.235702260395516,-0.235702260395516,-0.235702260395516,-0.235702260395516,-0.235702260395516,-0.235702260395516,-0.235702260395516,-0.235702260395516,-0.235702260395516,-0.235702260395516,-0.235702260395516,4.00693842672377,-0.235702260395516,-0.235702260395516
1.10321301476861,-0.0603121161807334,-0.405279172582886,-0.405279172582886,1.4184771040401,-0.405279172582886,-0.405279172582886,-0.405279172582886,-0.405279172582886,-0.405279172582886,-0.405279172582886,-0.405279172582886,-0.405279172582886,-0.405279172582886,-0.405279172582886,-0.405279172582886,-0.405279172582886,3.24223338066309,1.4184771040401,-0.405279172582886
0.441161752200565,1.32174508309924,-0.547227552833322,0.210472135705124,-0.547227552833322,-0.547227552833322,-0.547227552833322,-0.547227552833322,0.210472135705124,0.210472135705124,0.210472135705124,-0.547227552833322,-0.547227552833322,0.210472135705124,-0.547227552833322,-0.547227552833322,-0.547227552833322,1.72587151278201,3.2412708898589,-0.547227552833322
-7.78154838427807,-3.39190291978842,-0.235702260395516,-0.235702260395516,-0.235702260395516,-0.235702260395516,-0.235702260395516,-0.235702260395516,-0.235702260395516,-0.235702260395516,-0.235702260395516,-0.235702260395516,-0.235702260395516,-0.235702260395516,-0.235702260395516,-0.235702260395516,-0.235702260395516,4.00693842672377,-0.235702260395516,-0.235702260395516
-6.20721610899916,-3.09146241404986,-0.268890250918119,-0.268890250918119,-0.268890250918119,-0.268890250918119,-0.268890250918119,-0.268890250918119,-0.268890250918119,-0.268890250918119,-0.268890250918119,-0.268890250918119,-0.268890250918119,-0.268890250918119,-0.268890250918119,-0.268890250918119,-0.268890250918119,3.96613120104226,-0.268890250918119,0.336112813647649
-7.79744299888585,-3.58816260071537,-0.32394177193585,-0.32394177193585,-0.32394177193585,-0.32394177193585,-0.32394177193585,-0.32394177193585,1.61970885967925,-0.32394177193585,-0.32394177193585,-0.32394177193585,-0.32394177193585,-0.32394177193585,-0.32394177193585,-0.32394177193585,-0.32394177193585,3.56335949129435,-0.32394177193585,-0.32394177193585
-0.877163339840673,1.77089800849211,-0.536857837231297,1.00050778756742,0.341636805510825,-1.63497614065895,-0.976105158602357,-1.63497614065895,-0.317234176545766,-0.536857837231297,0.561260466196356,0.561260466196356,0.341636805510825,1.43975510893848,0.341636805510825,-0.0976105158602358,-0.0976105158602358,-0.536857837231297,2.3182497516806,-0.536857837231297
-7.45488328228818,-3.69691087993189,-0.235702260395516,-0.235702260395516,-0.235702260395516,-0.235702260395516,-0.235702260395516,-0.235702260395516,-0.235702260395516,-0.235702260395516,-0.235702260395516,-0.235702260395516,-0.235702260395516,-0.235702260395516,-0.235702260395516,-0.235702260395516,-0.235702260395516,4.00693842672377,-0.235702260395516,-0.235702260395516
-3.14699676047235,2.4206373614357,0.296403942547367,-0.592807885094734,-0.592807885094734,-0.592807885094734,-0.592807885094734,-0.592807885094734,0.741009856368417,0.296403942547367,1.18561577018947,-0.148201971273683,-0.592807885094734,-0.148201971273683,2.07482759783157,1.63022168401052,1.18561577018947,-1.48201971273683,-1.03741379891578,-1.03741379891578
7.3864002661076,0.454395765031139,-0.859056463539881,0.48555365330515,-0.186751405117365,-0.859056463539881,-0.186751405117365,0.48555365330515,0.48555365330515,-0.186751405117365,0.48555365330515,1.15785871172767,1.15785871172767,1.15785871172767,-0.186751405117365,-0.186751405117365,-1.5313615219624,-1.5313615219624,-1.5313615219624,1.83016377015018
-7.45491166298852,-3.56131978457931,-0.235702260395516,-0.235702260395516,-0.235702260395516,-0.235702260395516,-0.235702260395516,-0.235702260395516,-0.235702260395516,-0.235702260395516,-0.235702260395516,-0.235702260395516,-0.235702260395516,-0.235702260395516,-0.235702260395516,-0.235702260395516,-0.235702260395516,4.00693842672377,-0.235702260395516,-0.235702260395516
2.9865550275505,-0.376208618742316,-0.391014985047323,-0.402240295622845,-0.402240295622845,-0.402240295622845,-0.402240295622845,-0.402240295622845,-0.391014985047323,-0.402240295622845,-0.402240295622845,-0.402240295622845,-0.402240295622845,-0.402240295622845,-0.391014985047323,-0.402240295622845,-0.402240295622845,3.22353502027052,0.967247594590747,1.80914588775484
2.67508151297559,0.525621401533647,-0.496809104465359,-0.318506450408773,-0.592818225880444,-0.496809104465359,-0.496809104465359,-0.606533814654028,-0.359653216729524,-0.291075272861606,-0.11277261880502,-0.373368805503107,-0.455662338144609,-0.291075272861606,-0.524240282012526,-0.277359684088023,-0.510524693238943,2.94580367770411,1.93085010845893,1.32736420242125
2.50946872993469,-1.12417545262471,-0.376368242258792,-0.39414941905842,-0.39414941905842,-0.39414941905842,-0.39414941905842,-0.376368242258792,-0.39414941905842,-0.39414941905842,-0.376368242258792,-0.376368242258792,-0.39414941905842,-0.376368242258792,-0.376368242258792,-0.376368242258792,-0.39414941905842,3.41102241606196,0.797189426516653,1.57956120570028
-7.19649949195324,-3.62281536658764,-0.242836753276407,-0.242836753276407,-0.242836753276407,-0.242836753276407,-0.242836753276407,-0.242836753276407,-0.242836753276407,-0.242836753276407,-0.242836753276407,-0.242836753276407,-0.242836753276407,-0.242836753276407,-0.242836753276407,-0.242836753276407,-0.242836753276407,4.00612811410743,-0.169578738321513,-0.193998076639811
2.60647229309889,-0.258509528073168,-0.394529161544085,-0.400822050252807,-0.394529161544085,-0.400822050252807,-0.400822050252807,-0.400822050252807,-0.397675605898446,-0.400822050252807,-0.397675605898446,-0.400822050252807,-0.397675605898446,-0.400822050252807,-0.400822050252807,-0.397675605898446,-0.400822050252807,3.30254295483048,1.11891057290371,1.56570567122302
3.06269779108253,0.52532718010583,-0.425364051459337,-0.425364051459337,-0.425364051459337,-0.425364051459337,-0.425364051459337,-0.425364051459337,-0.425364051459337,-0.419437926903401,-0.425364051459337,-0.425364051459337,-0.419437926903401,-0.425364051459337,-0.425364051459337,-0.419437926903401,-0.425364051459337,2.81622608063712,1.57173992389077,1.97471639369435
0.0639001320108502,1.49134953238207,-0.345945337203078,-0.205919843573261,-0.38712930591773,-0.58481235574806,-0.667180293177364,-0.444786862118243,-0.485970830832895,-0.288287781002565,-0.214156637316191,-0.255340606030843,-0.288287781002565,-0.247103812287913,-0.436550068375312,-0.510681212061686,-0.469497243347034,1.26846623641128,3.3853222283444,1.17786150523905
-6.39153052179757,-3.28141136083488,-0.290380253167583,-0.290380253167583,-0.290380253167583,-0.290380253167583,-0.290380253167583,-0.290380253167583,-0.290380253167583,-0.290380253167583,-0.290380253167583,-0.290380253167583,-0.290380253167583,-0.290380253167583,-0.290380253167583,-0.290380253167583,-0.290380253167583,3.95643094940832,0.16696864557136,0.232304202534067
2.27166662038494,-1.84068003366873,-0.341577265493733,-0.35657334056419,-0.35657334056419,-0.35657334056419,-0.35657334056419,-0.35657334056419,-0.35657334056419,-0.35657334056419,-0.35657334056419,-0.35657334056419,-0.35657334056419,-0.35657334056419,-0.35657334056419,-0.35657334056419,-0.35657334056419,3.64737870324772,0.408226488029096,1.27799884211558
2.84823865515026,-0.142438895196179,-0.403527032661992,-0.403527032661992,-0.403527032661992,-0.387633188924759,-0.403527032661992,-0.403527032661992,-0.403527032661992,-0.403527032661992,-0.403527032661992,-0.403527032661992,-0.403527032661992,-0.403527032661992,-0.403527032661992,-0.403527032661992,-0.387633188924759,3.25205702690179,1.09049427863799,1.67856649691564
-2.41863205066884,2.36848868712534,-0.555160270403432,-0.322767599071763,-0.671356606069267,0.0258214079257409,-1.01994561306677,-0.671356606069267,0.606803086254914,0.955392093252418,0.49060675058908,1.53637377158159,1.53637377158159,1.30398110024992,-0.0903749277400937,0.374410414923245,-0.787552941735102,-1.83331996272761,0.606803086254914,-1.48473095573011
1.23503706368173,-0.0729328004724807,-0.573873480563342,-0.573873480563342,-0.573873480563342,-0.573873480563342,-0.573873480563342,-0.104340632829699,-0.573873480563342,-0.573873480563342,-0.104340632829699,-0.104340632829699,-0.573873480563342,-0.573873480563342,0.365192214903945,-0.573873480563342,0.365192214903945,3.1823893013058,1.77379075810487,0.365192214903945
-7.90199821803379,-3.94838122446967,-0.235702260395516,-0.235702260395516,-0.235702260395516,-0.235702260395516,-0.235702260395516,-0.235702260395516,-0.235702260395516,-0.235702260395516,-0.235702260395516,-0.235702260395516,-0.235702260395516,-0.235702260395516,-0.235702260395516,-0.235702260395516,-0.235702260395516,4.00693842672377,-0.235702260395516,-0.235702260395516
2.83759537935015,-1.97849247534916,-0.32394177193585,-0.32394177193585,-0.32394177193585,-0.32394177193585,-0.32394177193585,-0.32394177193585,-0.32394177193585,-0.32394177193585,-0.32394177193585,-0.32394177193585,-0.32394177193585,-0.32394177193585,-0.32394177193585,-0.32394177193585,-0.32394177193585,3.56335949129435,-0.32394177193585,1.61970885967925
-3.04309539017594,2.79255528358264,0.477242503741659,0.682150294338995,0.319621126359092,0.0201405093322167,-0.421199347338969,0.335383264097349,0.524528916956429,0.902820222674587,-0.0586701793590664,0.382669677312119,-0.153243005788606,0.666388156600738,0.839771671721561,0.792485258506791,0.760960983030278,-2.07622380985591,-1.95012670794986,-2.0446995343794
-3.10779592701208,2.60151653126421,-0.108162887228545,-0.406162678572497,0.72623652853452,0.20970355687167,-0.0286962762034916,-0.0286962762034916,0.626903264753203,0.309036820652987,0.26930351514046,0.865303097828364,0.507703348215622,0.905036403340891,0.408370084434305,1.26263615295363,0.448103389946831,-2.05509485734236,-1.83656167702347,-2.07496151009863
-3.1494281878317,2.6706213909715,0.708776457138535,-0.567021165710828,-0.567021165710828,0.708776457138535,-0.567021165710828,0.708776457138535,0.708776457138535,-0.567021165710828,-0.567021165710828,-0.567021165710828,-0.567021165710828,-0.567021165710828,-0.567021165710828,3.26037170283726,0.708776457138535,-0.567021165710828,-0.567021165710828,-0.567021165710828
5.09686417285526,1.18893780073341,-0.482160380453053,0.602700475566316,-0.482160380453053,-0.482160380453053,-0.482160380453053,-0.482160380453053,-0.482160380453053,-0.482160380453053,-0.482160380453053,2.77242218760505,-0.482160380453053,-0.482160380453053,-0.482160380453053,-0.482160380453053,-0.482160380453053,-0.482160380453053,1.68756133158568,1.68756133158568
2.88487509680496,-1.97256910637223,-0.32394177193585,-0.32394177193585,-0.32394177193585,-0.32394177193585,-0.32394177193585,-0.32394177193585,-0.32394177193585,-0.32394177193585,-0.32394177193585,-0.32394177193585,-0.32394177193585,-0.32394177193585,-0.32394177193585,-0.32394177193585,-0.32394177193585,3.56335949129435,-0.32394177193585,1.61970885967925
-7.22711323472109,-2.79176931357741,-0.405279172582886,-0.405279172582886,-0.405279172582886,1.4184771040401,3.24223338066309,-0.405279172582886,-0.405279172582886,-0.405279172582886,-0.405279172582886,-0.405279172582886,-0.405279172582886,-0.405279172582886,-0.405279172582886,-0.405279172582886,-0.405279172582886,1.4184771040401,-0.405279172582886,-0.405279172582886
-7.45103748367482,-3.31844706983525,-0.235702260395516,-0.235702260395516,-0.235702260395516,-0.235702260395516,-0.235702260395516,-0.235702260395516,-0.235702260395516,-0.235702260395516,-0.235702260395516,-0.235702260395516,-0.235702260395516,-0.235702260395516,-0.235702260395516,-0.235702260395516,-0.235702260395516,4.00693842672377,-0.235702260395516,-0.235702260395516
2.93395562047358,-1.92661330188092,-0.547227552833322,-0.547227552833322,-0.547227552833322,-0.547227552833322,-0.547227552833322,0.210472135705124,-0.547227552833322,-0.547227552833322,-0.547227552833322,0.210472135705124,-0.547227552833322,0.210472135705124,0.210472135705124,-0.547227552833322,-0.547227552833322,3.2412708898589,0.210472135705124,1.72587151278201
1.97276506303398,-1.15720902806691,-0.374055738457855,-0.374055738457855,-0.374055738457855,-0.374055738457855,-0.374055738457855,-0.374055738457855,-0.374055738457855,-0.374055738457855,-0.374055738457855,-0.374055738457855,-0.374055738457855,-0.374055738457855,-0.374055738457855,-0.374055738457855,-0.374055738457855,3.55352951534962,0.74811147691571,1.30919508460249
-1.18099101216372,2.22952903802261,-0.91019780212125,-1.18325714275763,-0.91019780212125,0.18203956042425,-0.91019780212125,-0.637138461484875,2.63957362615163,0.455098901060625,0.455098901060625,0.18203956042425,-0.637138461484875,1.27427692296975,0.728158241697,0.18203956042425,-0.0910197802121249,-0.91019780212125,1.00121758233338,-0.91019780212125
-2.40738793964935,2.76632148458357,-0.715155492067994,2.39207181829639,0.616513355231029,-0.0493210684184824,-1.15904510783434,-0.937100299951165,0.616513355231029,0.394568547347859,-0.493210684184823,0.394568547347859,0.616513355231029,-0.271265876301653,1.72623739464688,-0.0493210684184824,0.172623739464688,-1.38098991571751,-0.715155492067994,-1.15904510783434
1.16042139719943,-1.06566447258066,-0.333740156487671,-0.333740156487671,-0.333740156487671,-0.333740156487671,-0.333740156487671,-0.333740156487671,-0.333740156487671,-0.333740156487671,-0.333740156487671,-0.333740156487671,-0.333740156487671,-0.333740156487671,-0.333740156487671,-0.333740156487671,-0.333740156487671,3.82517563974331,0.59046335378588,0.59046335378588
3.69947135170166,0.502034077256448,-0.449867705421219,-0.899735410842437,-0.899735410842437,0.899735410842437,-0.899735410842437,-0.449867705421219,0,0,0,0.449867705421219,-0.449867705421219,-0.449867705421219,-0.899735410842437,-0.899735410842437,-0.449867705421219,2.24933852710609,0.899735410842437,2.24933852710609
3.19388464729264,-0.777855687174945,-0.605880508943506,-0.131713154118154,-0.605880508943506,-0.605880508943506,-0.605880508943506,-0.131713154118154,0.816621555532552,-0.605880508943506,-0.131713154118154,-0.605880508943506,-0.605880508943506,0.342454200707199,-0.605880508943506,-0.605880508943506,-0.605880508943506,2.71329097483396,0.342454200707199,2.23912362000861
-3.04160567593105,1.97546719264994,2.31779258887971,1.10850949902943,-0.100773590820857,-0.100773590820857,-0.100773590820857,0.503867954104285,-0.100773590820857,-0.705415135745999,-1.31005668067114,0.503867954104285,-0.100773590820857,1.71315104395457,-1.31005668067114,-1.31005668067114,0.503867954104285,-0.705415135745999,-0.100773590820857,-0.705415135745999
1.93594022746632,-1.24541295049946,-0.374055738457855,-0.374055738457855,-0.374055738457855,-0.374055738457855,-0.374055738457855,-0.374055738457855,-0.374055738457855,-0.374055738457855,-0.374055738457855,-0.374055738457855,-0.374055738457855,-0.374055738457855,-0.374055738457855,-0.374055738457855,-0.374055738457855,3.55352951534962,0.74811147691571,1.30919508460249
2.84205546552123,-1.9654743135676,-0.360182425628153,-0.360182425628153,-0.360182425628153,-0.360182425628153,-0.360182425628153,-0.360182425628153,-0.360182425628153,-0.360182425628153,-0.360182425628153,-0.360182425628153,-0.360182425628153,-0.360182425628153,-0.360182425628153,-0.360182425628153,-0.360182425628153,3.5297877711559,0.288145940502522,1.58480267276387
-7.53142706658716,-3.97655705794877,-0.235702260395516,-0.235702260395516,-0.235702260395516,-0.235702260395516,-0.235702260395516,-0.235702260395516,-0.235702260395516,-0.235702260395516,-0.235702260395516,-0.235702260395516,-0.235702260395516,-0.235702260395516,-0.235702260395516,-0.235702260395516,-0.235702260395516,4.00693842672377,-0.235702260395516,-0.235702260395516
4.44323463226136,0.933565873278219,-0.418594796662635,-0.418594796662635,-0.418594796662635,-0.418594796662635,-0.418594796662635,-0.418594796662635,-0.418594796662635,-0.418594796662635,-0.418594796662635,-0.418594796662635,-0.418594796662635,-0.418594796662635,-0.418594796662635,-0.418594796662635,-0.418594796662635,1.84181710531559,1.46508178831922,2.97202305630471
-7.4572731568704,-3.60133886019281,-0.235702260395516,-0.235702260395516,-0.235702260395516,-0.235702260395516,-0.235702260395516,-0.235702260395516,-0.235702260395516,-0.235702260395516,-0.235702260395516,-0.235702260395516,-0.235702260395516,-0.235702260395516,-0.235702260395516,-0.235702260395516,-0.235702260395516,4.00693842672377,-0.235702260395516,-0.235702260395516
4.75802108187151,1.30210578288221,-0.399313986045642,-0.399313986045642,-0.399313986045642,-0.399313986045642,-0.399313986045642,-0.399313986045642,-0.399313986045642,-0.399313986045642,-0.399313986045642,-0.399313986045642,-0.399313986045642,-0.399313986045642,-0.399313986045642,-0.399313986045642,-0.399313986045642,0.706478590696136,2.3651674558088,2.91806374417969
-6.08027573283852,-3.05057205569114,-0.289871189401836,-0.289871189401836,-0.289871189401836,-0.289871189401836,-0.289871189401836,-0.289871189401836,-0.289871189401836,-0.289871189401836,-0.289871189401836,-0.289871189401836,-0.289871189401836,-0.289871189401836,-0.289871189401836,-0.289871189401836,-0.289871189401836,3.88427393798461,-0.289871189401836,0.753665092444774
4.87143890143783,0.920113004833657,-0.397019547469387,0.252648802935064,-0.397019547469387,-0.397019547469387,-0.397019547469387,-0.397019547469387,-0.397019547469387,-0.397019547469387,-0.397019547469387,-0.397019547469387,-0.397019547469387,-0.397019547469387,-0.397019547469387,-0.397019547469387,-0.397019547469387,0.252648802935064,1.55198550374397,3.50099055495732
0.932580425237251,0.57704890415591,-0.52704627669473,-0.52704627669473,0.105409255338946,-0.52704627669473,-0.52704627669473,-0.52704627669473,-0.52704627669473,0.105409255338946,0.105409255338946,-0.52704627669473,0.105409255338946,-0.52704627669473,-0.52704627669473,-0.52704627669473,-0.52704627669473,2.63523138347365,2.63523138347365,0.105409255338946
0.907164132328946,0.466684649458594,-0.378662007146125,-0.378662007146125,-0.378662007146125,-0.378662007146125,-0.378662007146125,-0.378662007146125,-0.378662007146125,-0.378662007146125,-0.378662007146125,-0.378662007146125,-0.378662007146125,-0.378662007146125,-0.378662007146125,-0.378662007146125,-0.378662007146125,2.71948168768581,2.71948168768581,0.240966731820261
4.6925889907409,1.3928527197884,-0.397422488107869,-0.397422488107869,-0.397422488107869,-0.397422488107869,-0.397422488107869,-0.397422488107869,-0.397422488107869,-0.397422488107869,-0.397422488107869,-0.397422488107869,-0.397422488107869,-0.397422488107869,-0.397422488107869,-0.397422488107869,-0.397422488107869,0.624521052740937,2.66840813443855,2.66840813443855
2.86716383404321,0.709747597038884,-0.4187258414768,-0.46563940926333,-0.441610508689742,-0.515985677131803,-0.47364904278786,-0.493101009918861,-0.458774009099448,-0.236792737133912,-0.234504270412618,-0.440466275329094,-0.374100740411563,-0.370668040329622,-0.535437644262803,-0.456485542378154,-0.518274143853097,2.43728062669834,2.31027072366651,1.68666354211385
2.50432867843588,-1.30473801233196,-0.385817822825923,-0.377983958403062,-0.385817822825923,-0.385817822825923,-0.383859356720208,-0.391693221143069,-0.385817822825923,-0.376025492297347,-0.379942424508777,-0.389734755037354,-0.376025492297347,-0.368191627874485,-0.376025492297347,-0.372108560085916,-0.376025492297347,3.45473421048187,0.712881662480386,1.54327129130369
0.291065193979301,1.66192255903875,-0.590567228298111,-0.835457653038109,-0.774030288972892,-0.260497525387679,-0.51849245446159,-0.772392225931153,-0.0958721896928978,-0.00823581695985509,0.610952012817531,0.121171163337535,-0.174499215696375,-0.292439754701592,-0.710964861865936,-0.141737954861593,-0.733078712929414,1.56921889223491,3.19581549268186,0.411108321725359
-2.6678258290745,2.52559653894416,0.307775517531874,0.246936171043015,0.202201357448266,-1.07721431136156,-1.60955859313907,-1.23736494403076,0.161940025212992,0.950167440752472,0.804331948433589,1.0521628157485,1.51203669950252,1.13626426530663,0.576184399100369,0.460768580025916,0.230831638148906,-1.18189377517327,-1.10673928833409,-1.42882994621629
2.22659945514873,-1.38255220403732,-0.339572977948988,-0.337450204592357,-0.328959111165835,-0.325562673795227,-0.373961906326401,-0.443588872423881,-0.319194353725335,-0.333629212550422,-0.275465222578747,-0.403256178647902,-0.491138995612403,-0.446560755123163,-0.392217757193423,-0.414719154773706,-0.434248669654707,3.48906104806973,0.708227950883813,1.46223704715896
-0.541779052605642,1.57798434288995,-0.509502927512047,-0.167143380253322,-0.075774112013855,-0.62619139056486,-0.65921642727792,-0.546931302453515,-0.239798461022054,-0.0999924722700992,0.0442168547102642,-0.291537685205849,-0.207874258866096,0.00899014888299983,-0.136320012654465,-0.076874946570957,-0.402721975473152,0.0937544097798546,3.8971378045673,-0.00421986580222429
5.10742207991753,0.830398208845183,-0.270779197191391,-0.622386050244945,-0.537759363556198,-0.41016432820815,-0.550073463476852,-0.85609194661139,-0.360121922147622,-0.184318495620846,-0.00327502657464189,0.0200431626368084,0.173314406330049,-0.0352392859431467,-0.484572931984014,-0.560029544263763,-0.570247627176646,0.45863472151285,1.32874378186371,3.46432311065619
0.12611695862445,1.73297374209978,-0.738373051782261,-0.77745437451843,-1.03723022564708,1.38811068533282,1.82643454033456,-0.287022089201799,-0.182038928126208,0.333681271902062,0.574299611885534,-0.974393589090889,-0.556759846125946,-0.959833880620552,-1.09546905952843,-0.157517313860376,-0.651781101406043,0.860129678171633,2.06015617630576,0.375061495975652
-3.29945969480104,2.61234076269585,0.501746713143562,0.660373418355968,0.64442681836107,0.417502503959989,0.538151122342441,0.956539548524369,0.372705147395374,0.096472267220596,-0.107581265608855,0.203587257975799,0.0812600501202,0.247125672435553,0.602357169690319,0.436071900006679,0.657226063093817,-2.10415853207532,-2.08370072287134,-2.12010513207022
1.50604329066557,-0.30716039163154,-0.387515041932252,-0.387515041932252,-0.387515041932252,-0.387515041932252,-0.387515041932252,-0.387515041932252,-0.387515041932252,-0.387515041932252,-0.387515041932252,-0.387515041932252,-0.387515041932252,-0.387515041932252,-0.387515041932252,-0.387515041932252,-0.387515041932252,3.41717809703895,1.51483152755335,0.880716004391482
-0.832144679695222,1.88858959949335,1.10071244589416,0.097531482547584,0.348326723384228,-0.654854239962349,-1.40723996247228,-1.65803520330893,0.849917205057517,-0.15326375828906,-0.15326375828906,0.348326723384228,-0.15326375828906,-0.15326375828906,0.599121964220872,0.599121964220872,-0.654854239962349,0.348326723384228,2.35468865007738,-1.65803520330893
-2.82806438816584,2.44947782475184,0.0295952786358237,0.775396300258578,-0.290033730631071,-0.183490727542106,0.136138281724789,-1.14237775534279,-0.503119736809001,-0.503119736809001,0.349224287902719,1.73428332805926,1.52119732188133,0.988482306436508,0.668853297169613,0.562310294080648,0.455767290991683,-1.46200676460969,-1.56854976769865,-1.56854976769865
-2.50309137114337,2.30071523685869,-0.817160626954085,0.896496610153511,-0.674355857195118,-0.817160626954085,-0.959965396713051,-1.38837970598995,0.039667991599713,0.325277531117645,0.039667991599713,1.03930137991248,1.46771568918938,1.75332522870731,0.039667991599713,1.61052045894834,0.182472761358679,-0.959965396713051,-0.817160626954085,-0.959965396713051
-1.05490874449594,1.56634551831453,0.299911803614146,2.54925033072024,-0.149955901807073,-1.27462516536012,0.0749779509035366,-0.599823607228291,0.0749779509035366,-0.599823607228291,-0.374889754517682,0.299911803614146,-0.824757459938901,-0.599823607228291,-0.374889754517682,-0.149955901807073,0.749779509035364,-1.27462516536012,2.09938262529902,0.0749779509035366
1.4438426895123,-0.806662728711794,-0.212069670093451,-0.466553274205591,-0.466553274205591,-0.466553274205591,-0.212069670093451,-0.466553274205591,-0.212069670093451,-0.466553274205591,-0.212069670093451,-0.212069670093451,-0.466553274205591,-0.466553274205591,-0.212069670093451,-0.466553274205591,-0.466553274205591,3.60518439158866,1.06034835046725,0.805864746355112
4.223574878752,0.916724451255395,-0.441998232010608,-0.441998232010608,-0.441998232010608,-0.441998232010608,-0.441998232010608,-0.441998232010608,-0.441998232010608,-0.441998232010608,-0.237999048005712,-0.237999048005712,-0.441998232010608,-0.441998232010608,-0.441998232010608,-0.441998232010608,-0.441998232010608,1.80199279204325,1.39399442403346,3.02598789607262
3.77266995006487,1.04441933013165,-0.349284761440809,-0.477593449317024,-0.477593449317024,0.0356413021878376,-0.605902137193239,-0.670056481131347,-0.413439105378916,-0.413439105378916,-0.0926673856883778,-0.349284761440809,-0.477593449317024,-0.477593449317024,-0.413439105378916,-0.798365169007562,-0.413439105378916,2.02442596426918,2.02442596426918,2.34519768395971
-6.32559600679644,-3.2424810276061,-0.303775995179484,-0.303775995179484,-0.303775995179484,-0.303775995179484,-0.303775995179484,-0.303775995179484,-0.303775995179484,-0.303775995179484,-0.303775995179484,-0.303775995179484,-0.101258665059828,-0.303775995179484,-0.303775995179484,-0.303775995179484,-0.303775995179484,3.94908793733329,0.101258665059828,0.303775995179484
-0.2902607831413,2.11515117663286,-0.742113166292045,-0.888904781602559,-0.301738320360502,-0.448529935671016,0.43221975619207,-0.742113166292045,1.7533442939867,-0.154946705049987,1.60655267867619,-0.154946705049987,-0.742113166292045,-0.154946705049987,-0.301738320360502,-0.448529935671016,-1.3292796275341,0.285428140881556,2.48730237053927,-0.154946705049987
-1.98245523080855,2.64746947016365,-0.533358433144314,0.426686746515451,3.30682228549475,-0.533358433144314,-0.533358433144314,-0.533358433144314,-0.533358433144314,-0.533358433144314,-0.533358433144314,0.426686746515451,-0.533358433144314,-0.533358433144314,1.38673192617522,-0.533358433144314,0.426686746515451,-0.533358433144314,0.426686746515451,-0.533358433144314
-2.28756746297613,2.87344249039362,-1.03119738923038,1.22270547580174,0.294627825494395,0.162045304021917,-0.500867303340471,-1.16377991070286,1.62045304021917,0.162045304021917,1.35528799727422,0.692375389911828,1.22270547580174,-1.16377991070286,-0.500867303340471,0.692375389911828,-0.235702260395516,-1.56152747512029,0.0294627825494394,-1.29636243217534
7.33848585593294,0.475838534429774,-0.235702260395516,-0.235702260395516,-0.235702260395516,-0.235702260395516,-0.235702260395516,-0.235702260395516,-0.235702260395516,-0.235702260395516,-0.235702260395516,-0.235702260395516,-0.235702260395516,-0.235702260395516,-0.235702260395516,-0.235702260395516,-0.235702260395516,-0.235702260395516,-0.235702260395516,4.00693842672377
-0.903281589691811,2.05227903556601,-0.32394177193585,-0.32394177193585,-0.32394177193585,-0.32394177193585,-0.32394177193585,-0.32394177193585,-0.32394177193585,-0.32394177193585,-0.32394177193585,-0.32394177193585,-0.32394177193585,-0.32394177193585,3.56335949129435,-0.32394177193585,-0.32394177193585,-0.32394177193585,1.61970885967925,-0.32394177193585
4.88152720660936,1.29227017328595,-0.343592135468138,-0.343592135468138,-0.343592135468138,-0.343592135468138,-0.343592135468138,-0.343592135468138,-0.343592135468138,-0.343592135468138,-0.343592135468138,-0.343592135468138,-0.343592135468138,-0.343592135468138,-0.343592135468138,-0.343592135468138,-0.343592135468138,-0.343592135468138,2.74873708374511,2.74873708374511
-3.04404764157972,2.38751402313252,0.443859557324997,-0.345407950015259,0.23537380066908,0.481089156727839,-0.270948751209574,-0.911297860938461,0.52576467601125,0.443859557324997,0.384292198280449,1.16611378574014,1.10654642669559,1.05442498753161,0.905506589920241,-0.0252333951508155,0.309832999474765,-1.97606440385975,-2.02073992314316,-1.50697145138394
-3.45792748732427,2.39826132465431,1.82729188384029,1.35403643191043,0.170897802085783,0.644153254015642,0.880780979980572,-0.538985375809007,-0.538985375809007,0.407525528050713,-0.302357649844077,-0.538985375809007,1.35403643191043,-0.775613101773937,-1.2488685537038,0.170897802085783,0.880780979980572,-1.2488685537038,-1.2488685537038,-1.2488685537038
-2.87195975148532,2.79582020423907,-0.369432552770983,0.295546042216786,1.62550323219232,-1.03441114775875,-1.03441114775875,-0.369432552770983,0.295546042216786,1.62550323219232,-1.03441114775875,0.960524637204555,-1.03441114775875,1.62550323219232,-0.369432552770983,0.960524637204555,0.295546042216786,-1.03441114775875,-0.369432552770983,-1.03441114775875
3.05095745849956,-1.74431887273249,-0.0536478261968954,-0.424192114114987,-0.626307180252128,-0.27822012190483,-0.266991507119433,-0.24453427754864,-0.323134581046417,-0.368049040188003,-0.44664934368578,-0.0199619818407052,-0.255762892334036,-0.31190596626102,-0.626307180252128,-0.738593328106095,-0.34559181061721,3.3935369129199,0.204610313867229,1.73170192468118
3.53103617198196,-0.935640743474788,-0.434613493680177,2.17306746840088,-0.434613493680177,-0.434613493680177,-0.434613493680177,-0.434613493680177,-0.434613493680177,-0.434613493680177,-0.434613493680177,-0.434613493680177,-0.434613493680177,-0.434613493680177,-0.434613493680177,-0.434613493680177,-0.434613493680177,2.17306746840088,-0.434613493680177,2.17306746840088
3.93515894892927,1.19294675466696,-0.507519218922552,0.169173072974184,-0.507519218922552,-0.845865364870921,-0.845865364870921,-0.845865364870921,-0.507519218922552,-0.845865364870921,0.507519218922552,0.169173072974184,-0.169173072974184,0.845865364870921,-0.845865364870921,-0.507519218922552,-0.845865364870921,1.52255765676766,1.86090380271603,2.19924994866439
0.0309725368336207,1.76552007408181,-0.500819001367907,-0.834698335613178,-0.500819001367907,-0.166939667122636,0.166939667122636,-0.500819001367907,-0.500819001367907,-0.500819001367907,0.500819001367907,-0.166939667122636,-0.166939667122636,-0.834698335613178,-0.834698335613178,-0.166939667122636,0.166939667122636,0.834698335613178,3.50573300957535,0.500819001367907
7.19157691795078,0.570582005805454,-0.252956025780413,-0.252956025780413,-0.252956025780413,-0.252956025780413,-0.252956025780413,-0.252956025780413,-0.252956025780413,-0.252956025780413,-0.252956025780413,-0.252956025780413,-0.252956025780413,-0.252956025780413,-0.252956025780413,-0.252956025780413,-0.252956025780413,-0.252956025780413,0.0505912051560826,3.99670520733052
3.45683274558935,0.960255033498419,-0.922883257223093,-1.1784509284541,-0.411747914761072,-0.411747914761072,-1.1784509284541,-1.1784509284541,0.0993874277009486,0.0993874277009486,1.12165811262499,0.0993874277009486,0.0993874277009486,-0.156180243530062,-0.667315585992083,0.0993874277009486,-0.667315585992083,2.14392879754903,1.12165811262499,1.88836112631802
1.067908637489,0.225152368619258,-0.399313986045642,-0.399313986045642,-0.399313986045642,-0.399313986045642,-0.399313986045642,-0.399313986045642,-0.399313986045642,-0.399313986045642,-0.122865841860198,-0.399313986045642,-0.399313986045642,-0.399313986045642,-0.399313986045642,-0.399313986045642,-0.399313986045642,3.19451188836514,2.08871931162336,0.430030446510692
0.0273824034384476,1.52364784765744,-0.428824234366073,-0.366323536239843,-0.381948710771401,-0.381948710771401,-0.460074583429187,-0.428824234366073,-0.381948710771401,-0.225696965455828,-0.397573885302958,-0.381948710771401,-0.303822838113614,-0.397573885302958,-0.288197663582057,-0.413199059834515,-0.335073187176729,0.852440077221626,3.58684562024415,1.13369321878966
-3.41310902546526,2.24816252121301,2.1300950506429,0.541976847204999,-0.138645239982674,0.768850876267556,1.22259893439267,-1.27301538529546,-0.138645239982674,-1.0461413562329,0.0882287890798836,0.768850876267556,0.541976847204999,-0.365519269045232,-0.365519269045232,-1.0461413562329,0.995724905330114,0.0882287890798836,-1.0461413562329,-1.72676344342058
4.53118762994101,0.547653801888934,-0.368966307589373,-0.368966307589373,-0.368966307589373,-0.368966307589373,-0.368966307589373,-0.368966307589373,-0.368966307589373,-0.368966307589373,-0.368966307589373,-0.368966307589373,-0.368966307589373,-0.368966307589373,-0.368966307589373,-0.368966307589373,-0.368966307589373,1.56810680725484,0.461207884486717,3.50517992209905
-0.0547559313336388,1.40416971357001,0.0842679419972653,-0.421339709986327,-0.421339709986327,-0.421339709986327,-0.421339709986327,-0.421339709986327,-0.421339709986327,-0.421339709986327,-0.421339709986327,-0.421339709986327,0.589875593980857,-0.421339709986327,-0.421339709986327,-0.421339709986327,-0.421339709986327,1.09548324596445,3.62352150588241,0.0842679419972653
3.72645088276153,0.263002811784668,-0.632795847188259,-0.632795847188259,-0.367904562318755,-0.367904562318755,-0.632795847188259,-0.632795847188259,-0.367904562318755,-0.367904562318755,-0.367904562318755,0.161878007420252,-0.103013277449251,-0.367904562318755,-0.632795847188259,-0.367904562318755,-0.367904562318755,2.54589957124579,0.956551862028763,2.54589957124579
-2.73500290733054,2.76392616446376,-0.96783422988607,-0.175969859979286,2.19962324974107,-0.96783422988607,-0.96783422988607,0.615894509927499,-0.175969859979286,-0.175969859979286,0.615894509927499,-0.175969859979286,0.615894509927499,2.19962324974107,-0.96783422988607,-0.175969859979286,0.615894509927499,-0.175969859979286,-0.96783422988607,-0.96783422988607
-8.04577685840877,-3.43813456988708,-0.235702260395516,-0.235702260395516,-0.235702260395516,-0.235702260395516,-0.235702260395516,-0.235702260395516,-0.235702260395516,-0.235702260395516,-0.235702260395516,-0.235702260395516,-0.235702260395516,-0.235702260395516,-0.235702260395516,-0.235702260395516,-0.235702260395516,4.00693842672377,-0.235702260395516,-0.235702260395516
-0.637614952200002,1.86807021037409,-1.17261379389469,-0.147414305518189,-0.20772015777563,-0.690166975835159,-0.388637714547954,-0.569555271320277,0.455644217056222,0.636561773828545,0.998396887373192,0.033503251254134,-0.147414305518189,0.33503251254134,-0.569555271320277,0.576255921571104,-0.268026010033072,-1.05200208937981,3.16940756864107,-0.991696237122365
-7.90635280843935,-3.66283541331888,-0.235702260395516,-0.235702260395516,-0.235702260395516,-0.235702260395516,-0.235702260395516,-0.235702260395516,-0.235702260395516,-0.235702260395516,-0.235702260395516,-0.235702260395516,-0.235702260395516,-0.235702260395516,-0.235702260395516,-0.235702260395516,-0.235702260395516,4.00693842672377,-0.235702260395516,-0.235702260395516
1.06859777770492,0.0118215234328174,-0.32394177193585,-0.32394177193585,-0.32394177193585,-0.32394177193585,-0.32394177193585,-0.32394177193585,-0.32394177193585,-0.32394177193585,-0.32394177193585,-0.32394177193585,-0.32394177193585,-0.32394177193585,-0.32394177193585,-0.32394177193585,-0.32394177193585,3.56335949129435,1.61970885967925,-0.32394177193585
-2.58664441563929,1.81615541024528,0.482160380453053,1.56702123647242,-0.602700475566316,-0.602700475566316,-0.602700475566316,-0.602700475566316,-0.602700475566316,-0.602700475566316,-0.602700475566316,0.482160380453053,-0.602700475566316,2.65188209249179,-0.602700475566316,-0.602700475566316,1.56702123647242,-0.602700475566316,0.482160380453053,-0.602700475566316
-7.93610705808869,-3.78269328586532,-0.235702260395516,-0.235702260395516,-0.235702260395516,-0.235702260395516,-0.235702260395516,-0.235702260395516,-0.235702260395516,-0.235702260395516,-0.235702260395516,-0.235702260395516,-0.235702260395516,-0.235702260395516,-0.235702260395516,-0.235702260395516,-0.235702260395516,4.00693842672377,-0.235702260395516,-0.235702260395516
4.67647175382818,0.627958243540855,-0.375049248145199,-0.375049248145199,-0.375049248145199,-0.375049248145199,-0.375049248145199,-0.375049248145199,-0.375049248145199,-0.375049248145199,-0.375049248145199,-0.375049248145199,-0.375049248145199,-0.375049248145199,-0.375049248145199,-0.375049248145199,-0.375049248145199,1.55377545660154,0.58936310422817,3.48260016134828
-2.00778339216449,2.77395774888492,-1.03013277449251,1.75122571663727,0.824106219594011,1.75122571663727,-1.03013277449251,-1.03013277449251,0.824106219594011,-0.103013277449251,0.824106219594011,-0.103013277449251,-0.103013277449251,-1.03013277449251,0.824106219594011,-1.03013277449251,-1.03013277449251,-0.103013277449251,0.824106219594011,-1.03013277449251
3.46011696017045,-0.925013094647202,-0.343592135468138,-0.343592135468138,-0.343592135468138,-0.343592135468138,-0.343592135468138,-0.343592135468138,-0.343592135468138,-0.343592135468138,-0.343592135468138,-0.343592135468138,-0.343592135468138,-0.343592135468138,-0.343592135468138,-0.343592135468138,-0.343592135468138,2.74873708374511,-0.343592135468138,2.74873708374511
3.03634345600156,-0.485210788853132,-0.401260437332782,-0.401260437332782,-0.401260437332782,-0.401260437332782,-0.401260437332782,-0.401260437332782,-0.401260437332782,-0.401260437332782,-0.333758681519791,-0.401260437332782,-0.401260437332782,-0.401260437332782,-0.401260437332782,-0.401260437332782,-0.401260437332782,3.24383437656875,0.881272923114054,1.82629750449593
-7.28676554274648,-3.84937322087823,-0.239148281610153,-0.239148281610153,-0.239148281610153,-0.239148281610153,-0.239148281610153,-0.239148281610153,-0.239148281610153,-0.239148281610153,-0.239148281610153,-0.239148281610153,-0.239148281610153,-0.239148281610153,-0.239148281610153,-0.239148281610153,-0.239148281610153,4.00655271793449,-0.239148281610153,-0.180180212172033
3.62480429045332,1.23371405711824,0.0646518348625994,-0.0890487536786748,0.635539735158761,-1.82366968150163,-1.47235405055014,-1.66996909296035,0.723368642896632,0.0866090617970672,1.11859872771705,0.130523515666003,0.569668054355358,-0.176877661416546,-0.967337831057385,-0.0890487536786748,-0.637979427040368,0.767283096765567,1.09664150078258,1.73340108188215
-0.0756668245956917,1.91054010189644,-0.587437891436001,0.0373824112732001,-0.971942693103202,-0.539374791227601,-0.2029330897688,-1.1161319937284,-0.491311691019201,-0.443248590810801,0.854455114816002,-0.635500991644401,-0.587437891436001,-0.587437891436001,0.0373824112732001,-0.0106806889352,0.277697912315201,1.1908968162748,3.16148392481921,0.614139613774001
1.99184830124125,-1.05542366194496,-0.339583247501181,-0.390520734626359,-0.390520734626359,-0.390520734626359,-0.390520734626359,-0.390520734626359,-0.390520734626359,-0.390520734626359,-0.339583247501181,-0.390520734626359,-0.390520734626359,-0.390520734626359,-0.390520734626359,-0.390520734626359,-0.390520734626359,3.48072828688711,0.933853930628249,1.34135382762967
0.92785962699303,1.19094784305504,-0.54018089556309,-0.756253253788327,-0.432144716450472,-0.162054268668927,-0.972325612013563,-0.810271343344635,-0.432144716450472,0.216072358225236,0.810271343344635,-0.108036179112618,-0.162054268668927,-0.108036179112618,-0.54018089556309,-0.432144716450472,-0.756253253788327,2.16072358225236,2.75492256737176,0.270090447781545
2.39366077421646,0.86607774300295,-0.37138711625433,-0.516712509571242,-0.480381161242015,-0.189730374608191,-0.625706554558926,-0.298724419595875,-0.516712509571242,-0.37138711625433,-0.117067677949735,-0.480381161242015,-0.37138711625433,-0.407718464583559,-0.55304385790047,-0.516712509571242,-0.516712509571242,2.35346400843777,2.53512075008391,1.44518030020707
2.47172663072098,-1.32092491791322,-0.382556417459934,-0.382556417459934,-0.382556417459934,-0.382556417459934,-0.382556417459934,-0.382556417459934,-0.382556417459934,-0.382556417459934,-0.382556417459934,-0.382556417459934,-0.382556417459934,-0.382556417459934,-0.382556417459934,-0.382556417459934,-0.342521443539708,3.46080107888173,0.698387878386158,1.5391223307109
2.68807776068572,-1.54175239365889,-0.378904696903642,-0.378904696903642,-0.378904696903642,-0.378904696903642,-0.378904696903642,-0.378904696903642,-0.378904696903642,-0.378904696903642,-0.378904696903642,-0.378904696903642,-0.378904696903642,-0.378904696903642,-0.378904696903642,-0.378904696903642,-0.378904696903642,3.44598460832636,0.634921384000697,1.60266446122756
1.70316175975673,-1.22487382933467,-0.371506623101221,-0.371506623101221,-0.371506623101221,-0.371506623101221,-0.371506623101221,-0.371506623101221,-0.371506623101221,-0.371506623101221,-0.371506623101221,-0.371506623101221,-0.371506623101221,-0.371506623101221,-0.371506623101221,-0.371506623101221,-0.371506623101221,3.59464684283457,0.827563029390996,1.15038947429275
